{
  "timestamp": "2025-08-06T15:31:55.876449",
  "python_version": "3.12.9 | packaged by Anaconda, Inc. | (main, Feb  6 2025, 18:49:16) [MSC v.1929 64 bit (AMD64)]",
  "platform": "win32",
  "project": {
    "name": "ai-coding-brain-mcp",
    "path": "C:\\Users\\Administrator\\Desktop\\ai-coding-brain-mcp",
    "type": "node",
    "has_git": true
  },
  "git_status": {
    "files": [
      "M python/api/web_automation_helpers.py",
      "?? docs/questions/"
    ],
    "count": 2,
    "branch": "master",
    "clean": false
  },
  "pip_packages": "Package                                  Version\n---------------------------------------- --------------\naiofiles                                 24.1.0\naiohappyeyeballs                         2.6.1\naiohttp                                  3.11.18\naiosignal                                1.3.2\nalembic                                  1.15.1\naltgraph                                 0.17.4\namqp                                     5.3.1\nanaconda-anon-usage                      0.5.0\nannotated-types                          0.6.0\nanthropic                                0.51.0\nantlr4-python3-runtime                   4.9.3\nanyio                                    4.9.0\narchspec                                 0.2.3\nargon2-cffi                              23.1.0\nargon2-cffi-bindings                     21.2.0\narrow                                    1.3.0\nasgiref                                  3.8.1\nastroid                                  3.3.10\nasttokens                                3.0.0\nasync-lru                                2.0.5\nattrs                                    25.3.0\nbabel                                    2.17.0\nbackoff                                  2.2.1\nbcrypt                                   4.3.0\nbeautifulsoup4                           4.13.3\nblack                                    25.1.0\nbleach                                   6.2.0\nblinker                                  1.9.0\nboltons                                  24.1.0\nBrotli                                   1.0.9\nbuild                                    1.2.2.post1\ncachetools                               5.5.2\ncertifi                                  2025.6.15\ncffi                                     1.17.1\nchardet                                  5.2.0\ncharset-normalizer                       3.3.2\nchromadb                                 1.0.10\nclick                                    8.1.8\ncloudpathlib                             0.18.1\ncolorama                                 0.4.6\ncoloredlogs                              15.0.1\ncomm                                     0.2.2\nconda                                    25.1.1\nconda-anaconda-telemetry                 0.1.2\nconda-anaconda-tos                       0.1.2\nconda-content-trust                      0.2.0\nconda-libmamba-solver                    25.1.1\nconda-package-handling                   2.4.0\nconda_package_streaming                  0.11.0\ncontourpy                                1.3.1\ncroniter                                 6.0.0\ncryptography                             43.0.3\ncustomtkinter                            5.2.2\ncycler                                   0.12.1\ndarkdetect                               0.8.0\ndataclasses-json                         0.6.7\ndebtcollector                            3.0.0\ndebugpy                                  1.8.13\ndecorator                                5.2.1\ndefusedxml                               0.7.1\nDeprecated                               1.2.18\ndill                                     0.4.0\ndistro                                   1.9.0\ndnspython                                2.7.0\ndogpile.cache                            1.3.4\ndurationpy                               0.10\neffdet                                   0.4.1\nemoji                                    2.14.1\net_xmlfile                               2.0.0\neval_type_backport                       0.2.2\neventlet                                 0.39.1\nexceptiongroup                           1.2.2\nexecuting                                2.2.0\nfastapi                                  0.115.9\nfasteners                                0.19\nfastjsonschema                           2.21.1\nfastmcp                                  0.4.0\nfilelock                                 3.18.0\nfiletype                                 1.2.0\nFlask                                    3.1.0\nflatbuffers                              25.2.10\nfonttools                                4.57.0\nfqdn                                     1.5.1\nfrozendict                               2.4.2\nfrozenlist                               1.6.0\nfsspec                                   2025.3.2\nfuturist                                 3.1.0\ngitdb                                    4.0.12\nGitPython                                3.1.44\ngoogle                                   3.0.0\ngoogle-ai-generativelanguage             0.6.15\ngoogle-api-core                          2.24.2\ngoogle-api-python-client                 2.165.0\ngoogle-auth                              2.38.0\ngoogle-auth-httplib2                     0.2.0\ngoogle-cloud-vision                      3.10.1\ngoogle-genai                             1.9.0\ngoogle-generativeai                      0.8.4\ngoogleapis-common-protos                 1.69.2\ngreenlet                                 3.1.1\ngrpcio                                   1.71.0\ngrpcio-status                            1.63.0rc1\nh11                                      0.14.0\nhtml5lib                                 1.1\nhttpcore                                 1.0.7\nhttplib2                                 0.22.0\nhttptools                                0.6.4\nhttpx                                    0.28.1\nhttpx-sse                                0.4.0\nhuggingface-hub                          0.30.1\nhumanfriendly                            10.0\nidna                                     3.7\nimportlib_metadata                       8.6.1\nimportlib_resources                      6.5.2\niniconfig                                2.1.0\nipykernel                                6.29.5\nipython                                  9.0.2\nipython_pygments_lexers                  1.1.1\nipywidgets                               8.1.5\niso8601                                  2.1.0\nisoduration                              20.11.0\nisort                                    6.0.1\nitsdangerous                             2.2.0\njedi                                     0.19.2\nJinja2                                   3.1.6\njiter                                    0.9.0\njoblib                                   1.4.2\njson-rpc                                 1.15.0\njson5                                    0.10.0\njsonpatch                                1.33\njsonpath-python                          1.0.6\njsonpointer                              2.1\njsonschema                               4.23.0\njsonschema-specifications                2024.10.1\njupyter                                  1.1.1\njupyter_client                           8.6.3\njupyter-console                          6.6.3\njupyter_core                             5.7.2\njupyter-events                           0.12.0\njupyter-lsp                              2.2.5\njupyter_server                           2.15.0\njupyter_server_terminals                 0.5.3\njupyterlab                               4.3.6\njupyterlab_pygments                      0.3.0\njupyterlab_server                        2.27.3\njupyterlab_widgets                       3.0.13\nkeystoneauth1                            5.10.0\nkeystonemiddleware                       10.9.0\nkiwisolver                               1.4.8\nkombu                                    5.5.0\nkubernetes                               32.0.1\nlangchain                                0.3.23\nlangchain-anthropic                      0.3.13\nlangchain-core                           0.3.59\nlangchain-google-genai                   2.1.2\nlangchain-mcp-adapters                   0.0.9\nlangchain-openai                         0.3.9\nlangchain-text-splitters                 0.3.8\nlangchain-unstructured                   0.1.6\nlangdetect                               1.0.9\nlangsmith                                0.3.16\nlibmambapy                               2.0.5\nloguru                                   0.7.3\nlxml                                     5.3.1\nMako                                     1.3.9\nMarkdown                                 3.7\nmarkdown-it-py                           2.2.0\nmarkdownify                              1.1.0\nMarkupSafe                               3.0.2\nmarshmallow                              3.26.1\nmatplotlib                               3.10.1\nmatplotlib-inline                        0.1.7\nmccabe                                   0.7.0\nmcp                                      1.5.0\nmcp-server-fetch                         2025.1.17\nmdurl                                    0.1.0\nmenuinst                                 2.2.0\nmistral                                  19.0.0\nmistral-lib                              3.3.1\nmistralai                                1.5.1\nmistune                                  3.1.2\nmmh3                                     5.1.0\nmpmath                                   1.3.0\nmsgpack                                  1.1.0\nmultidict                                6.4.3\nmypy                                     1.16.1\nmypy-extensions                          1.0.0\nnbclient                                 0.10.2\nnbconvert                                7.16.6\nnbformat                                 5.10.4\nnest-asyncio                             1.6.0\nnetaddr                                  1.3.0\nnetworkx                                 3.4.2\nnltk                                     3.9.1\nnotebook                                 7.3.3\nnotebook_shim                            0.2.4\nnumpy                                    1.26.2\noauthlib                                 3.2.2\nolefile                                  0.47\nomegaconf                                2.3.0\nonnx                                     1.17.0\nonnxruntime                              1.19.2\nopenai                                   1.66.5\nopenapi-pydantic                         0.5.1\nopencv-python                            4.11.0.86\nopenpyxl                                 3.1.2\nopentelemetry-api                        1.33.1\nopentelemetry-exporter-otlp-proto-common 1.33.1\nopentelemetry-exporter-otlp-proto-grpc   1.33.1\nopentelemetry-instrumentation            0.54b1\nopentelemetry-instrumentation-asgi       0.54b1\nopentelemetry-instrumentation-fastapi    0.54b1\nopentelemetry-proto                      1.33.1\nopentelemetry-sdk                        1.33.1\nopentelemetry-semantic-conventions       0.54b1\nopentelemetry-util-http                  0.54b1\norjson                                   3.10.15\nos-service-types                         1.7.0\noslo.cache                               3.10.1\noslo.concurrency                         7.1.0\noslo.config                              9.7.1\noslo.context                             5.7.1\noslo.db                                  17.2.1\noslo.i18n                                6.5.1\noslo.log                                 7.1.0\noslo.messaging                           16.1.0\noslo.metrics                             0.11.0\noslo.middleware                          6.3.1\noslo.policy                              4.5.1\noslo.serialization                       5.7.0\noslo.service                             4.1.1\noslo.utils                               8.2.0\nosprofiler                               4.2.0\noutcome                                  1.3.0.post0\noverrides                                7.7.0\npackaging                                24.2\npandas                                   2.1.3\npandocfilters                            1.5.1\nparamiko                                 3.5.1\nparso                                    0.8.4\nPaste                                    3.10.1\nPasteDeploy                              3.1.0\npathlib                                  1.0.1\npathlib2                                 2.3.7.post1\npathspec                                 0.12.1\npbr                                      6.1.1\npdf2image                                1.17.0\npdfminer.six                             20250327\npecan                                    1.6.0\npefile                                   2023.2.7\nperplexity-mcp                           0.1.6\npi_heif                                  0.22.0\npikepdf                                  9.6.0\npillow                                   11.1.0\npinecone                                 6.0.2\npinecone-plugin-interface                0.0.7\npip                                      25.1.1\nplatformdirs                             3.10.0\nplaywright                               1.54.0\npluggy                                   1.5.0\nply                                      3.11\nposthog                                  4.2.0\nprettytable                              3.15.1\nprometheus_client                        0.21.1\nprompt_toolkit                           3.0.50\npropcache                                0.3.1\nProtego                                  0.4.0\nproto-plus                               1.26.1\nprotobuf                                 5.29.4\npsutil                                   7.0.0\npure_eval                                0.2.3\npyasn1                                   0.6.1\npyasn1_modules                           0.4.1\npybit                                    5.10.1\npycadf                                   4.0.1\npycocotools                              2.0.8\npycosat                                  0.6.6\npycparser                                2.21\npycryptodome                             3.22.0\npydantic                                 2.10.3\npydantic_core                            2.27.1\npydantic-settings                        2.8.1\npyee                                     13.0.0\nPygments                                 2.15.1\npyinstaller                              6.13.0\npyinstaller-hooks-contrib                2025.4\nPyJWT                                    2.10.1\npylint                                   3.3.7\npymcp                                    0.1.0\nPyMuPDF                                  1.26.3\nPyNaCl                                   1.5.0\npypandoc                                 1.15\npyparsing                                3.2.1\npypdf                                    5.4.0\nPyPDF2                                   3.0.1\npypdfium2                                4.30.1\nPyPika                                   0.48.9\npyproject_hooks                          1.2.0\nPyQt5                                    5.15.11\nPyQt5-Qt5                                5.15.2\nPyQt5_sip                                12.17.0\nPyQt6                                    6.9.1\nPyQt6-Qt6                                6.9.0\nPyQt6_sip                                13.10.0\npyreadline3                              3.5.4\nPySocks                                  1.7.1\npytesseract                              0.3.13\npytest                                   8.3.5\npytest-mock                              3.14.0\npytest-qt                                4.4.0\npython-dateutil                          2.8.2\npython-docx                              1.1.2\npython-dotenv                            1.1.0\npython-iso639                            2025.2.18\npython-json-logger                       3.3.0\npython-keystoneclient                    5.6.0\npython-magic                             0.4.27\npython-multipart                         0.0.20\npython-oxmsg                             0.0.2\npython-pptx                              1.0.2\npytz                                     2025.1\npywin32                                  310\npywin32-ctypes                           0.2.3\npywinpty                                 2.0.15\nPyYAML                                   6.0.2\npyzmq                                    26.3.0\nRapidFuzz                                3.13.0\nreadabilipy                              0.3.0\nreferencing                              0.36.2\nregex                                    2024.11.6\nrepoze.lru                               0.7\nrequests                                 2.32.3\nrequests-oauthlib                        2.0.0\nrequests-toolbelt                        1.0.0\nrfc3339-validator                        0.1.4\nrfc3986                                  2.0.0\nrfc3986-validator                        0.1.1\nrich                                     13.9.4\nRoutes                                   2.5.1\nrpds-py                                  0.23.1\nrsa                                      4.9\nruamel.yaml                              0.18.6\nruamel.yaml.clib                         0.2.8\nsafetensors                              0.5.3\nscikit-learn                             1.6.1\nscipy                                    1.15.2\nselenium                                 4.33.0\nSend2Trash                               1.8.3\nsentence-transformers                    4.1.0\nsetuptools                               75.8.0\nshellingham                              1.5.4\nsimplegeneric                            0.8.1\nsix                                      1.17.0\nsmmap                                    5.0.2\nsniffio                                  1.3.1\nsortedcontainers                         2.4.0\nsoupsieve                                2.6\nSQLAlchemy                               2.0.39\nsse-starlette                            2.2.1\nstack-data                               0.6.3\nstarlette                                0.45.3\nstatsd                                   4.0.1\nstevedore                                5.4.1\nsympy                                    1.13.1\ntenacity                                 9.0.0\nterminado                                0.18.1\ntestresources                            2.0.1\ntestscenarios                            0.5.0\ntesttools                                2.7.2\nthreadpoolctl                            3.6.0\ntiktoken                                 0.9.0\ntimm                                     1.0.15\ntinycss2                                 1.4.0\ntokenizers                               0.21.1\ntomlkit                                  0.13.3\ntooz                                     6.3.0\ntorch                                    2.6.0\ntorchvision                              0.21.0\ntornado                                  6.4.2\ntqdm                                     4.67.1\ntraitlets                                5.14.3\ntransformers                             4.51.0\ntree-sitter                              0.24.0\ntree-sitter-c-sharp                      0.23.1\ntree-sitter-embedded-template            0.23.2\ntree-sitter-javascript                   0.23.1\ntree-sitter-language-pack                0.7.3\ntree-sitter-languages                    1.10.2\ntree-sitter-python                       0.23.6\ntree-sitter-typescript                   0.23.2\ntree-sitter-yaml                         0.7.1\ntrio                                     0.30.0\ntrio-websocket                           0.12.2\ntruststore                               0.10.0\ntyper                                    0.15.2\ntypes-python-dateutil                    2.9.0.20241206\ntyping_extensions                        4.13.2\ntyping-inspect                           0.9.0\ntyping-inspection                        0.4.0\ntzdata                                   2025.1\nunstructured                             0.17.2\nunstructured-client                      0.32.1\nunstructured-inference                   0.8.10\nunstructured.pytesseract                 0.3.15\nuri-template                             1.3.0\nuritemplate                              4.1.1\nurllib3                                  2.4.0\nuvicorn                                  0.34.0\nvine                                     5.1.0\nvoluptuous                               0.15.2\nwaitress                                 3.0.2\nwatchdog                                 6.0.0\nwatchfiles                               1.0.5\nwcwidth                                  0.2.13\nwebcolors                                24.11.1\nwebdriver-manager                        4.0.2\nwebencodings                             0.5.1\nWebOb                                    1.8.9\nwebsocket-client                         1.8.0\nwebsockets                               15.0.1\nWerkzeug                                 3.1.3\nwheel                                    0.45.1\nwidgetsnbextension                       4.0.13\nwin-inet-pton                            1.1.0\nwin32_setctime                           1.2.0\nwrapt                                    1.17.2\nWSME                                     0.12.1\nwsproto                                  1.2.0\nxlrd                                     2.0.1\nXlsxWriter                               3.2.2\nyappi                                    1.6.10\nyaql                                     3.0.0\nyarl                                     1.20.0\nzipp                                     3.21.0\nzstandard                                0.23.0\n"
}